-- *************** Registro base de datos "Finca" ***************
use finca;

-- Tabla roles
INSERT INTO rol (rol) VALUES 
('Administrador'),
('Supervisor de campo'),
('Ingeniero Agrónomo'),
('Obrero agrícola'),
('Contador'),
('Encargado de maquinaria'),
('Vendedor'),
('Encargado de bodega'),
('Técnico de mantenimiento'),
('Asistente administrativo');

-- Tabla empleado
INSERT INTO empleado (nombre, telefono, correo, rol) VALUES
('Carlos Pérez', '3001234567', 'carlos.perez@finca.com', 1),
('Ana Gómez', '3002345678', 'ana.gomez@finca.com', 2),
('Luis Rodríguez', '3013456789', 'luis.rodriguez@finca.com', 3),
('María Fernández', '3024567890', 'maria.fernandez@finca.com', 4),
('Jorge Martínez', '3035678901', 'jorge.martinez@finca.com', 5),
('Paula Rivas', '3046789012', 'paula.rivas@finca.com', 6),
('Oscar López', '3057890123', 'oscar.lopez@finca.com', 7),
('Laura Torres', '3068901234', 'laura.torres@finca.com', 8),
('Diego Romero', '3079012345', 'diego.romero@finca.com', 9),
('Andrea Cárdenas', '3080123456', 'andrea.cardenas@finca.com', 10),
('Juan Morales', '3091234567', 'juan.morales@finca.com', 1),
('Camila Vargas', '3002233445', 'camila.vargas@finca.com', 2),
('Felipe Mendoza', '3013344556', 'felipe.mendoza@finca.com', 3),
('Juliana Duarte', '3024455667', 'juliana.duarte@finca.com', 4),
('Ricardo Suárez', '3035566778', 'ricardo.suarez@finca.com', 5),
('Natalia Ortiz', '3046677889', 'natalia.ortiz@finca.com', 6),
('Santiago Ríos', '3057788990', 'santiago.rios@finca.com', 7),
('Valeria Castro', '3068899001', 'valeria.castro@finca.com', 8),
('David Ayala', '3079900112', 'david.ayala@finca.com', 9),
('Tatiana Peña', '3081011123', 'tatiana.pena@finca.com', 10),
('Manuel Quintero', '3092122234', 'manuel.quintero@finca.com', 1),
('Daniela Pardo', '3003233344', 'daniela.pardo@finca.com', 2),
('Esteban Salazar', '3014344455', 'esteban.salazar@finca.com', 3),
('Karla Restrepo', '3025455566', 'karla.restrepo@finca.com', 4),
('Pedro Nieto', '3036566677', 'pedro.nieto@finca.com', 5),
('Melissa Franco', '3047677788', 'melissa.franco@finca.com', 6),
('Francisco Cely', '3058788899', 'francisco.cely@finca.com', 7),
('Luisa Acosta', '3069899000', 'luisa.acosta@finca.com', 8),
('Sebastián Gaitán', '3070900111', 'sebastian.gaitan@finca.com', 9),
('Catalina Ruiz', '3081011122', 'catalina.ruiz@finca.com', 10),
('Álvaro Medina', '3092122233', 'alvaro.medina@finca.com', 1),
('Lucía Beltrán', '3003233345', 'lucia.beltran@finca.com', 2),
('Héctor Carvajal', '3014344456', 'hector.carvajal@finca.com', 3),
('Diana Narváez', '3025455567', 'diana.narvaez@finca.com', 4),
('Iván Palacios', '3036566678', 'ivan.palacios@finca.com', 5),
('Sandra Patiño', '3047677789', 'sandra.patino@finca.com', 6),
('Julián Herrera', '3058788900', 'julian.herrera@finca.com', 7),
('Viviana Torres', '3069899002', 'viviana.torres@finca.com', 8),
('Mauricio León', '3070900113', 'mauricio.leon@finca.com', 9),
('Isabel Castaño', '3081011124', 'isabel.castano@finca.com', 10),
('Samuel Aguirre', '3092122235', 'samuel.aguirre@finca.com', 1),
('Mónica Zapata', '3003233346', 'monica.zapata@finca.com', 2),
('Fernando Prada', '3014344457', 'fernando.prada@finca.com', 3),
('Lorena Guzmán', '3025455568', 'lorena.guzman@finca.com', 4),
('Cristian Pinto', '3036566679', 'cristian.pinto@finca.com', 5),
('Liliana Ospina', '3047677790', 'liliana.ospina@finca.com', 6),
('Tomás Benítez', '3058788901', 'tomas.benitez@finca.com', 7),
('Adriana Porras', '3069899003', 'adriana.porras@finca.com', 8),
('Emilio Salcedo', '3070900114', 'emilio.salcedo@finca.com', 9),
('Rosa Mejía', '3081011125', 'rosa.mejia@finca.com', 10);

-- Tabla proveedores
INSERT INTO proveedor (nombre, telefono, correo, nit, descripcion) VALUES
('AgroFert S.A.S.', '3101234567', 'contacto@agrofert.com', '800123001', 'Proveedor de fertilizantes orgánicos.'),
('MaquiAndes Ltda.', '3112345678', 'ventas@maquiandes.com', '800123002', 'Venta de maquinaria agrícola pesada.'),
('Semillas del Valle', '3123456789', 'info@semillasvalle.com', '800123003', 'Suministro de semillas certificadas.'),
('AgroQuímicos Colombia', '3134567890', 'quimicos@agrocol.com', '800123004', 'Distribución de pesticidas y fungicidas.'),
('NutriAnimal S.A.', '3145678901', 'soporte@nutrianimal.com', '800123005', 'Proveedor de alimento balanceado para ganado.'),
('Campo Limpio E.U.', '3156789012', 'servicio@campolimpio.com', '800123006', 'Recolección y reciclaje de residuos agrícolas.'),
('AgroCafé Proveedores', '3167890123', 'contacto@agrocafe.com', '800123007', 'Suministro de insumos para cultivo de café.'),
('TecnoFinca S.A.S.', '3178901234', 'soporte@tecnofinca.com', '800123008', 'Tecnología e innovación para fincas.'),
('Abonos Verdes Ltda.', '3189012345', 'ventas@abonosverdes.com', '800123009', 'Abonos y compostaje natural.'),
('ServiAgro S.A.', '3190123456', 'contacto@serviagro.com', '800123010', 'Servicios generales para producción agrícola.'),
('CampoSeguro S.A.', '3201234567', 'info@camposeguro.com', '800123011', 'Sistemas de seguridad para fincas.'),
('Insumos El Sembrador', '3212345678', 'elsembrador@insumos.com', '800123012', 'Proveedor de insumos varios.'),
('Riegos y Drenajes Ltda.', '3223456789', 'riegos@rydcolombia.com', '800123013', 'Sistemas de riego tecnificado.'),
('Finca Solar S.A.S.', '3234567890', 'solar@fincasolar.com', '800123014', 'Sistemas solares para zonas rurales.'),
('AgroLácteos del Norte', '3245678901', 'contacto@agrolacteos.com', '800123015', 'Insumos para producción lechera.'),
('FertiCamp E.U.', '3256789012', 'fertilizantes@ferticamp.com', '800123016', 'Fertilizantes químicos e industriales.'),
('Herragro Distribuciones', '3267890123', 'ventas@herragro.com', '800123017', 'Herramientas y repuestos agrícolas.'),
('BioCampo S.A.S.', '3278901234', 'biotecnologia@biocampo.com', '800123018', 'Biotecnología para cultivos.'),
('Maquinaria Rápida Ltda.', '3289012345', 'maquinaria@rapida.com', '800123019', 'Alquiler y venta de maquinaria.'),
('AgroVet de Colombia', '3290123456', 'agrovet@colombia.com', '800123020', 'Medicamentos veterinarios.'),
('RuralTech S.A.', '3301234567', 'info@ruraltech.com', '800123021', 'Automatización para el campo.'),
('Semillas y Brotes Ltda.', '3312345678', 'semillas@syb.com', '800123022', 'Venta de semillas certificadas.'),
('Finca AgroTools', '3323456789', 'ventas@agrotools.com', '800123023', 'Herramientas especializadas.'),
('EcoCampo S.A.S.', '3334567890', 'soporte@ecocampo.com', '800123024', 'Productos ecológicos para cultivos.'),
('AgroPlus Distribuciones', '3345678901', 'info@agroplus.com', '800123025', 'Distribuidor multimarcas.'),
('Granja Limpia', '3356789012', 'ventas@granjalimpia.com', '800123026', 'Limpieza y mantenimiento de establos.'),
('NutriFinca', '3367890123', 'nutricion@nutrifinca.com', '800123027', 'Suplementos nutricionales para animales.'),
('ProMaíz S.A.S.', '3378901234', 'servicio@promaiz.com', '800123028', 'Suministros para cultivo de maíz.'),
('AgroAndina', '3389012345', 'ventas@agroandina.com', '800123029', 'Proveedores de herramientas e insumos.'),
('La Semilla Fértil', '3390123456', 'contacto@semillafertil.com', '800123030', 'Producción y distribución de semillas.'),
('Ganadería Total', '3401234567', 'ganaderia@total.com', '800123031', 'Productos para ganadería intensiva.'),
('Agro Insumos del Sur', '3412345678', 'ventas@agrosur.com', '800123032', 'Proveedor del sur del país.'),
('BioCultivos Ltda.', '3423456789', 'biocultivos@colombia.com', '800123033', 'Insumos biológicos.'),
('Finca Fácil S.A.S.', '3434567890', 'soporte@fincafacil.com', '800123034', 'Soluciones integrales.'),
('Tierra Verde', '3445678901', 'info@tierraverde.com', '800123035', 'Tierra abonada y productos verdes.'),
('VetCampo S.A.S.', '3456789012', 'veterinaria@vetcampo.com', '800123036', 'Veterinaria especializada.'),
('MaqRent', '3467890123', 'contacto@maqrent.com', '800123037', 'Alquiler de maquinaria agrícola.'),
('AgroTransporte S.A.', '3478901234', 'transporte@agrotrans.com', '800123038', 'Transporte de productos agrícolas.'),
('Finca ProInsumos', '3489012345', 'ventas@proinsumos.com', '800123039', 'Proveedor generalista.'),
('Silos y Granos Ltda.', '3490123456', 'silos@granos.com', '800123040', 'Almacenamiento de granos.'),
('AgroBodega', '3501234567', 'bodega@agrobodega.com', '800123041', 'Centro de acopio de productos.'),
('Campo Móvil', '3512345678', 'campomovil@finca.com', '800123042', 'Logística y movilidad rural.'),
('AgroRed Colombia', '3523456789', 'info@agrorred.com', '800123043', 'Red de apoyo agrícola.'),
('Finca AgroDigital', '3534567890', 'tecnologia@agrodigital.com', '800123044', 'Transformación digital para el campo.'),
('BioAgroVet', '3545678901', 'bio@agrovet.com', '800123045', 'Biotecnología veterinaria.'),
('Campo Inteligente', '3556789012', 'inteligente@campo.com', '800123046', 'Monitoreo inteligente de cultivos.'),
('AgroMercado', '3567890123', 'ventas@agromercado.com', '800123047', 'Plataforma de insumos agrícolas.'),
('Verde Futuro', '3578901234', 'verde@futuro.com', '800123048', 'Sostenibilidad agrícola.'),
('Suministros Valles', '3589012345', 'info@valles.com', '800123049', 'Suministros para cultivos de valle.'),
('AgroEmprende', '3590123456', 'contacto@agroemprende.com', '800123050', 'Insumos para pequeños productores.');

-- Tabla clientes
INSERT INTO cliente (nombre, telefono, correo, nit, descripcion) VALUES
('Juan Pérez', '3001112233', 'juan.perez@email.com', '900001001', 'Cliente frecuente de frutas y verduras.'),
('María López', '3002223344', 'maria.lopez@email.com', '900001002', 'Compradora minorista de barrio.'),
('Carlos Rodríguez', '3003334455', 'carlos.rodriguez@email.com', '900001003', 'Cliente regional de productos agrícolas.'),
('Ana Gómez', '3004445566', 'ana.gomez@email.com', '900001004', 'Compradora de cadena de supermercados.'),
('Pedro Martínez', '3005556677', 'pedro.martinez@email.com', '900001005', 'Compra frutas tropicales al por mayor.'),
('Sofía Torres', '3006667788', 'sofia.torres@email.com', '900001006', 'Cliente mayorista del sector agrícola.'),
('Luis Ramírez', '3007778899', 'luis.ramirez@email.com', '900001007', 'Cliente de centro de distribución mayorista.'),
('Valentina Díaz', '3008889900', 'valentina.diaz@email.com', '900001008', 'Compra productos frescos para exportar.'),
('Andrés Hernández', '3009990011', 'andres.hernandez@email.com', '900001009', 'Compra verduras listas para consumir.'),
('Paula Morales', '3011112233', 'paula.morales@email.com', '900001010', 'Cliente interesado en productos ecológicos.'),
('Felipe Castro', '3012223344', 'felipe.castro@email.com', '900001011', 'Comprador mayorista rural.'),
('Camila Suárez', '3013334455', 'camila.suarez@email.com', '900001012', 'Distribuidora de frutas frescas.'),
('Hernán Vargas', '3014445566', 'hernan.vargas@email.com', '900001013', 'Comprador para supermercado regional.'),
('Laura Fernández', '3015556677', 'laura.fernandez@email.com', '900001014', 'Cliente de abarrotes y alimentos.'),
('Mateo Silva', '3016667788', 'mateo.silva@email.com', '900001015', 'Compra productos naturales.'),
('Isabela Rojas', '3017778899', 'isabela.rojas@email.com', '900001016', 'Cliente urbano de frutas y verduras.'),
('Sebastián Cárdenas', '3018889900', 'sebastian.cardenas@email.com', '900001017', 'Compra productos orgánicos al por mayor.'),
('Gabriela Castro', '3019990011', 'gabriela.castro@email.com', '900001018', 'Compradora frecuente de verduras.'),
('Diego Ortega', '3021112233', 'diego.ortega@email.com', '900001019', 'Distribuidor de frutas frescas.'),
('Natalia Reyes', '3022223344', 'natalia.reyes@email.com', '900001020', 'Cliente regional de productos agrícolas.'),
('Santiago Prieto', '3023334455', 'santiago.prieto@email.com', '900001021', 'Exportador de frutas.'),
('Daniela Mendoza', '3024445566', 'daniela.mendoza@email.com', '900001022', 'Cliente mayorista agroalimentario.'),
('Tomás Jiménez', '3025556677', 'tomas.jimenez@email.com', '900001023', 'Comprador mayorista en zona rural.'),
('Mariana Figueroa', '3026667788', 'mariana.figueroa@email.com', '900001024', 'Compradora de verduras frescas.'),
('Julián Guerrero', '3027778899', 'julian.guerrero@email.com', '900001025', 'Cliente organizador de compras.'),
('Valeria Soto', '3028889900', 'valeria.soto@email.com', '900001026', 'Cliente urbano de almacén agrícola.'),
('Cristian Mejía', '3029990011', 'cristian.mejia@email.com', '900001027', 'Comprador de productos orgánicos.'),
('Lorena Campos', '3031112233', 'lorena.campos@email.com', '900001028', 'Cliente express de frutas y verduras.'),
('Fernando Ruiz', '3032223344', 'fernando.ruiz@email.com', '900001029', 'Mayorista de productos agrícolas.'),
('Adriana Salazar', '3033334455', 'adriana.salazar@email.com', '900001030', 'Comerciante local de verduras.'),
('José Patiño', '3034445566', 'jose.patino@email.com', '900001031', 'Cliente enfocado en productos ecológicos.'),
('Mónica Villalba', '3035556677', 'monica.villalba@email.com', '900001032', 'Consumidora de productos sostenibles.'),
('Andrés Lozano', '3036667788', 'andres.lozano@email.com', '900001033', 'Comprador de alimentos frescos.'),
('Claudia Parra', '3037778899', 'claudia.parra@email.com', '900001034', 'Cliente eco responsable.'),
('Oscar Torres', '3038889900', 'oscar.torres@email.com', '900001035', 'Gran consumidor agroalimentario.'),
('Sara Nieto', '3039990011', 'sara.nieto@email.com', '900001036', 'Compradora de productos saludables.'),
('Ricardo Peña', '3041112233', 'ricardo.pena@email.com', '900001037', 'Proveedor a restaurantes.'),
('Carolina Vega', '3042223344', 'carolina.vega@email.com', '900001038', 'Compradora en zona rural.'),
('Mauricio Gil', '3043334455', 'mauricio.gil@email.com', '900001039', 'Cliente de autoservicio agrícola.'),
('Tatiana Navarro', '3044445566', 'tatiana.navarro@email.com', '900001040', 'Cliente minorista de abarrotes.'),
('Pablo Bonilla', '3045556677', 'pablo.bonilla@email.com', '900001041', 'Comprador gourmet de frutas y verduras.'),
('Inés Montoya', '3046667788', 'ines.montoya@email.com', '900001042', 'Mayorista del sur del país.'),
('Camilo Vargas', '3047778899', 'camilo.vargas@email.com', '900001043', 'Cliente mayorista de productos naturales.'),
('Patricia Luna', '3048889900', 'patricia.luna@email.com', '900001044', 'Compradora de hortalizas variadas.'),
('Fabián Duarte', '3049990011', 'fabian.duarte@email.com', '900001045', 'Cliente recurrente.'),
('Beatriz Herrera', '3051112233', 'beatriz.herrera@email.com', '900001046', 'Miembro de cooperativa frutera.'),
('Hugo Beltrán', '3052223344', 'hugo.beltran@email.com', '900001047', 'Comprador de productos bio.'),
('Esteban Cifuentes', '3053334455', 'esteban.cifuentes@email.com', '900001048', 'Pequeño distribuidor.'),
('Rosa Álvarez', '3054445566', 'rosa.alvarez@email.com', '900001049', 'Compradora frecuente.'),
('Martín Ramírez', '3055556677', 'martin.ramirez@email.com', '900001050', 'Cliente de la zona norte.');

-- Tabla maquinaria
INSERT INTO maquinaria (nombre, anio_compra, modelo, seguro_soat, tecnomecanica, descripcion, activa) VALUES
('Tractor MaxPro 500', 2020, 'TP500', '2025-04-12', '2025-04-10', 'Tractor para arado de grandes terrenos', 1),
('Cosechadora AgroCut', 2019, 'AC350', '2025-03-18', '2025-03-19', 'Cosechadora para maíz y trigo', 1),
('Sistema Riego DRX', 2021, 'DRX100', '2025-02-10', '2025-02-11', 'Sistema automatizado de riego', 1),
('Empacadora HenoPress', 2018, 'HP220', '2025-05-22', '2025-05-21', 'Máquina para empacar heno', 0),
('Sembradora FastSeed', 2022, 'FS700', '2025-01-15', '2025-01-16', 'Sembradora de precisión', 1),
('Arado StrongLand', 2023, 'SL300', '2025-06-01', '2025-06-02', 'Arado reforzado para suelos duros', 1),
('Tractor GreenField', 2017, 'GF450', '2025-07-10', '2025-07-11', 'Tractor mediano multipropósito', 1),
('Cosechadora SunHarvest', 2021, 'SH900', '2025-04-03', '2025-04-05', 'Cosechadora de girasol', 1),
('Pulverizador AirFlow', 2020, 'AF320', '2025-08-01', '2025-08-02', 'Equipo para fumigación aérea', 1),
('Carreta CargaPesada', 2016, 'CP800', '2025-07-07', '2025-07-09', 'Carreta para transportar insumos', 0),
('Motocultor MiniCrop', 2019, 'MC100', '2025-05-05', '2025-05-06', 'Motocultor pequeño para huertas', 1),
('Tractor EcoTrak', 2018, 'ET350', '2025-06-06', '2025-06-07', 'Tractor ecológico de bajo consumo', 1),
('Sembradora DualLine', 2020, 'DL200', '2025-01-10', '2025-01-12', 'Sembradora doble línea', 1),
('Arado Compact', 2015, 'AC150', '2025-03-03', '2025-03-04', 'Arado compacto para terrenos pequeños', 0),
('Tractor TurboFarm', 2022, 'TF900', '2025-08-03', '2025-08-04', 'Tractor de alto rendimiento', 1),
('Cosechadora SpeedCrop', 2019, 'SC750', '2025-02-18', '2025-02-19', 'Alta velocidad para grandes cultivos', 1),
('Tractor SolarDrive', 2023, 'SDX200', '2025-06-20', '2025-06-22', 'Tractor solar experimental', 1),
('Sembradora GreenLine', 2017, 'GL420', '2025-04-22', '2025-04-23', 'Ideal para cultivos sostenibles', 0),
('Rociador UltraFog', 2020, 'UF100', '2025-07-12', '2025-07-13', 'Rociador de baja presión', 1),
('Carreta Liviana', 2016, 'CL400', '2025-03-11', '2025-03-12', 'Carreta ligera para transporte rápido', 0),
('Tractor MiniTrak', 2015, 'MT120', '2025-08-06', '2025-08-07', 'Compacto y fácil de manejar', 0),
('Desbrozadora PowerCut', 2018, 'PC330', '2025-02-24', '2025-02-25', 'Para limpieza de maleza', 1),
('Segadora FieldCut', 2021, 'FC250', '2025-05-17', '2025-05-18', 'Segadora para césped y pastos', 1),
('Tractor Rustik', 2022, 'RK450', '2025-03-09', '2025-03-10', 'Robusto para todo tipo de terreno', 1),
('Carreta MultiUso', 2019, 'MU150', '2025-01-05', '2025-01-06', 'Uso agrícola general', 1),
('Fumigadora JetSpray', 2020, 'JS900', '2025-02-28', '2025-03-01', 'Fumigación aérea de alta cobertura', 1),
('Empacadora QuickBale', 2021, 'QB700', '2025-06-15', '2025-06-16', 'Empaca en tiempo récord', 1),
('Tractor ClassicFarm', 2017, 'CF100', '2025-07-15', '2025-07-16', 'Tractor clásico con mejoras modernas', 1),
('Rociador NanoSpray', 2022, 'NS50', '2025-08-05', '2025-08-06', 'Nanotecnología en fumigación', 1),
('Sembradora TwinRow', 2016, 'TR300', '2025-01-22', '2025-01-23', 'Sembradora de doble línea', 0),
('Tractor HydroTrak', 2018, 'HTX800', '2025-03-20', '2025-03-21', 'Conducción hidráulica', 1),
('Arado FlexiPlow', 2021, 'FP600', '2025-06-25', '2025-06-26', 'Flexible para distintos tipos de suelo', 1),
('Segadora BladeMax', 2020, 'BM350', '2025-02-02', '2025-02-03', 'Corte rápido y uniforme', 1),
('Motocultor AgriTool', 2019, 'AT700', '2025-07-20', '2025-07-21', 'Versátil para cultivos pequeños', 1),
('Carreta MaxiCarga', 2015, 'MC880', '2025-05-02', '2025-05-03', 'Gran capacidad de carga', 0),
('Tractor AgroForce', 2023, 'AF1000', '2025-01-30', '2025-01-31', 'Alta potencia y eficiencia', 1),
('Cosechadora TwinHarvest', 2022, 'TH500', '2025-08-01', '2025-08-02', 'Doble cabezal de recolección', 1),
('Rociador EcoRain', 2016, 'ER200', '2025-04-18', '2025-04-19', 'Consumo mínimo de agua', 0),
('Tractor CampoRápido', 2021, 'CR100', '2025-02-05', '2025-02-06', 'Velocidad optimizada para campo', 1),
('Empacadora Rápida', 2018, 'ER700', '2025-07-25', '2025-07-26', 'Empacado de grandes volúmenes', 1),
('Fumigadora LightFog', 2020, 'LF80', '2025-05-12', '2025-05-13', 'Pulverización ligera', 1),
('Sembradora Automática', 2019, 'SA450', '2025-06-10', '2025-06-11', 'Totalmente automatizada', 1),
('Tractor RuggedField', 2016, 'RF600', '2025-03-30', '2025-03-31', 'Diseñado para terrenos difíciles', 0),
('Desbrozadora MaxClear', 2022, 'MC200', '2025-01-17', '2025-01-18', 'Corte de maleza densa', 1),
('Tractor Montaña', 2017, 'TM800', '2025-02-12', '2025-02-13', 'Ideal para terrenos inclinados', 1),
('Sembradora SoftPlant', 2023, 'SP100', '2025-08-01', '2025-08-02', 'Para cultivos delicados', 1),
('Tractor BaseLine', 2015, 'BL500', '2025-07-28', '2025-07-29', 'Modelo básico de entrada', 0),
('Rociador TurboSpray', 2021, 'TS600', '2025-04-01', '2025-04-02', 'Alto alcance y precisión', 1),
('Empacadora Económica', 2016, 'EE300', '2025-06-05', '2025-06-06', 'Buena relación costo-beneficio', 0),
('Cosechadora MultiCrop', 2022, 'MC900', '2025-05-08', '2025-05-09', 'Versátil para varios cultivos', 1);

-- Tabla servicios
INSERT INTO servicio (servicio) VALUES
('Riego'),
('Fumigación'),
('Abonado'),
('Labranza'),
('Siembra'),
('Cosecha'),
('Transporte'),
('Arado'),
('Aplicación de pesticidas'),
('Monitoreo de cultivos'),
('Control de plagas'),
('Preparación del terreno'),
('Recolección'),
('Empaque'),
('Clasificación de productos'),
('Mantenimiento de maquinaria'),
('Supervisión de personal'),
('Fertilización'),
('Análisis de suelo'),
('Poda'),
('Instalación de sistemas de riego'),
('Reparación de cercas'),
('Diseño de cultivos'),
('Cuidado de animales'),
('Almacenamiento'),
('Gestión de residuos'),
('Cuidado de invernaderos'),
('Cultivo hidropónico'),
('Instalación de cultivos'),
('Muestreo de agua'),
('Rotación de cultivos'),
('Capacitación agrícola'),
('Supervisión de cosecha'),
('Gestión de inventario'),
('Transplante'),
('Carga y descarga'),
('Control de calidad'),
('Cuidado de semilleros'),
('Fertilización orgánica'),
('Aplicación de herbicidas'),
('Sistemas de drenaje'),
('Preparación de compost'),
('Prevención de enfermedades'),
('Construcción de canales'),
('Instalación de mallas de sombra'),
('Aireación de suelo'),
('Evaluación de rendimiento'),
('Documentación de procesos'),
('Optimización de recursos'),
('Revisión técnica de maquinaria');

-- Tabla uso_maquinaria
INSERT INTO uso_maquinaria (fecha_uso, observaciones, costo_uso, tipo_servicio, id_maquinaria, id_empleado) VALUES
('2025-01-01', 'Revisión antes del uso.', 150000.00, 1, 1, 1),
('2025-01-02', 'Falla leve durante el uso.', 130000.00, 2, 2, 2),
('2025-01-03', 'Funcionamiento óptimo.', 140000.00, 3, 3, 3),
('2025-01-04', 'Trabajo completado sin novedad.', 160000.00, 4, 4, 4),
('2025-01-05', 'Retraso por clima.', 145000.00, 5, 5, 5),
('2025-01-06', 'Buen rendimiento.', 155000.00, 6, 6, 6),
('2025-01-07', 'Pequeña avería solucionada.', 135000.00, 7, 7, 7),
('2025-01-08', 'Condiciones óptimas.', 142000.00, 8, 8, 8),
('2025-01-09', 'Se realizó mantenimiento previo.', 150500.00, 9, 9, 9),
('2025-01-10', 'Sin observaciones.', 138000.00, 10, 10, 10),
('2025-01-11', 'Condiciones del terreno difíciles.', 149000.00, 11, 11, 11),
('2025-01-12', 'Buen desempeño en la jornada.', 151000.00, 12, 12, 12),
('2025-01-13', 'Trabajo realizado en menor tiempo.', 157000.00, 13, 13, 13),
('2025-01-14', 'Maquinaria eficiente.', 134000.00, 14, 14, 14),
('2025-01-15', 'Falla en el sistema hidráulico.', 129000.00, 15, 15, 15),
('2025-01-16', 'Cambio de aceite realizado.', 148000.00, 16, 16, 16),
('2025-01-17', 'Sin contratiempos.', 152000.00, 17, 17, 17),
('2025-01-18', 'Uso prolongado, sin fallos.', 153000.00, 18, 18, 18),
('2025-01-19', 'Se recomendó revisión técnica.', 146000.00, 19, 19, 19),
('2025-01-20', 'Trabajo nocturno.', 158000.00, 20, 20, 20),
('2025-01-21', 'Buen desempeño general.', 140000.00, 21, 1, 1),
('2025-01-22', 'Pequeña fuga detectada.', 132000.00, 22, 2, 2),
('2025-01-23', 'Lubricación previa al uso.', 135000.00, 23, 3, 3),
('2025-01-24', 'Alta eficiencia.', 143000.00, 24, 4, 4),
('2025-01-25', 'Tiempo de uso prolongado.', 139000.00, 25, 5, 5),
('2025-01-26', 'Sin inconvenientes técnicos.', 154000.00, 26, 6, 6),
('2025-01-27', 'Trabajo terminado con éxito.', 150000.00, 27, 7, 7),
('2025-01-28', 'Clima favorable.', 133000.00, 28, 8, 8),
('2025-01-29', 'Revisión de frenos realizada.', 144000.00, 29, 9, 9),
('2025-01-30', 'Fácil maniobrabilidad.', 136000.00, 30, 10, 10),
('2025-01-31', 'Observación leve en el motor.', 130000.00, 31, 11, 11),
('2025-02-01', 'Sin novedades importantes.', 142000.00, 32, 12, 12),
('2025-02-02', 'Alta carga de trabajo.', 145000.00, 33, 13, 13),
('2025-02-03', 'Buen uso del combustible.', 147000.00, 34, 14, 14),
('2025-02-04', 'Motor caliente al final.', 138500.00, 35, 15, 15),
('2025-02-05', 'Terreno con lodo.', 149500.00, 36, 16, 16),
('2025-02-06', 'Óptimo uso del equipo.', 150000.00, 37, 17, 17),
('2025-02-07', 'Jornada completa sin paradas.', 146000.00, 38, 18, 18),
('2025-02-08', 'Maquinaria precisa.', 141000.00, 39, 19, 19),
('2025-02-09', 'Observaciones positivas del operador.', 139500.00, 40, 20, 20),
('2025-02-10', 'Mantenimiento no requerido.', 140500.00, 41, 1, 1),
('2025-02-11', 'Revisión diaria antes del uso.', 134500.00, 42, 2, 2),
('2025-02-12', 'Maquinaria recomendada.', 143500.00, 43, 3, 3),
('2025-02-13', 'Desempeño estable.', 137000.00, 44, 4, 4),
('2025-02-14', 'Rendimiento excelente.', 152500.00, 45, 5, 5),
('2025-02-15', 'Buena maniobrabilidad.', 150000.00, 46, 6, 6),
('2025-02-16', 'Jornada productiva.', 153500.00, 47, 7, 7),
('2025-02-17', 'Trabajo en dos turnos.', 155000.00, 48, 8, 8),
('2025-02-18', 'Uso bajo condiciones climáticas extremas.', 156000.00, 49, 9, 9),
('2025-02-19', 'Revisión técnica posterior al uso.', 140000.00, 50, 10, 10);

-- Tabla mantenimientos
INSERT INTO mantenimiento (fecha_mantenimiento, observaciones, costo, acto_funcionamiento, id_maquina) VALUES
('2025-01-10', 'Cambio de aceite general', 150.00, 1, 1),
('2025-01-15', 'Revisión de frenos', 90.00, 1, 2),
('2025-01-20', 'Reparación de motor', 800.00, 1, 3),
('2025-01-25', 'Reemplazo de batería', 120.00, 1, 4),
('2025-02-01', 'Limpieza profunda del sistema', 60.00, 1, 5),
('2025-02-06', 'Pintura de maquinaria', 300.00, 1, 6),
('2025-02-11', 'Cambio de llantas traseras', 200.00, 1, 7),
('2025-02-16', 'Revisión del sistema eléctrico', 250.00, 1, 8),
('2025-02-21', 'Reparación de sistema hidráulico', 400.00, 1, 9),
('2025-02-26', 'Mantenimiento del sistema de dirección', 180.00, 1, 10),
('2025-03-02', 'Cambio de filtros', 75.00, 1, 11),
('2025-03-07', 'Revisión técnica preventiva', 95.00, 1, 12),
('2025-03-12', 'Lubricación general', 50.00, 1, 13),
('2025-03-17', 'Revisión de caja de cambios', 350.00, 1, 14),
('2025-03-22', 'Soldadura de estructura', 220.00, 1, 15),
('2025-03-27', 'Alineación de ruedas', 85.00, 1, 16),
('2025-04-01', 'Cambio de correa', 130.00, 1, 17),
('2025-04-06', 'Sustitución de mangueras', 110.00, 1, 18),
('2025-04-11', 'Chequeo de sensores', 160.00, 1, 19),
('2025-04-16', 'Mantenimiento mayor', 950.00, 1, 20),
('2025-04-21', 'Revisión de sistema de escape', 140.00, 1, 21),
('2025-04-26', 'Cambio de luces', 55.00, 1, 22),
('2025-05-01', 'Ajuste de frenos', 70.00, 1, 23),
('2025-05-06', 'Actualización de software', 180.00, 1, 24),
('2025-05-11', 'Reparación del eje delantero', 300.00, 1, 25),
('2025-05-16', 'Cambio de amortiguadores', 270.00, 1, 26),
('2025-05-21', 'Verificación del alternador', 100.00, 1, 27),
('2025-05-26', 'Mantenimiento correctivo', 400.00, 1, 28),
('2025-05-31', 'Reemplazo de sistema de refrigeración', 500.00, 1, 29),
('2025-06-05', 'Cambio de bujías', 90.00, 1, 30),
('2025-06-10', 'Chequeo de presión hidráulica', 190.00, 1, 31),
('2025-06-15', 'Ajuste de sensores', 120.00, 1, 32),
('2025-06-20', 'Limpieza de sistema de escape', 75.00, 1, 33),
('2025-06-25', 'Cambio de radiador', 320.00, 1, 34),
('2025-06-30', 'Mantenimiento por ruido extraño', 210.00, 1, 35),
('2025-07-05', 'Sustitución de fusibles', 40.00, 1, 36),
('2025-07-10', 'Reparación de tanque de combustible', 290.00, 1, 37),
('2025-07-15', 'Cambio de ventanilla rota', 130.00, 1, 38),
('2025-07-20', 'Inspección general', 100.00, 1, 39),
('2025-07-25', 'Revisión de suspensión', 200.00, 1, 40),
('2025-07-30', 'Cambio de aceite hidráulico', 150.00, 1, 41),
('2025-08-01', 'Arreglo de tablero', 250.00, 1, 42),
('2025-08-03', 'Mantenimiento anual', 1100.00, 1, 43),
('2025-08-04', 'Inspección por vibraciones', 160.00, 1, 44),
('2025-08-05', 'Revisión post-falla', 600.00, 1, 45),
('2025-08-06', 'Cambio de cableado', 350.00, 1, 46),
('2025-08-07', 'Sustitución de ventilador', 180.00, 1, 47),
('2025-08-08', 'Chequeo del sistema de encendido', 120.00, 1, 48),
('2025-08-09', 'Arreglo de asiento roto', 90.00, 1, 49),
('2025-08-10', 'Revisión final de maquinaria', 95.00, 1, 50);

-- Tabla pagos_mantenimientos
INSERT INTO pago_mantenimiento (fecha_pago, tipo_pago, valor, id_mantenimiento) VALUES
('2025-01-10', 'Efectivo', 350000.00, 1),
('2025-01-15', 'Transferencia', 420000.00, 2),
('2025-01-20', 'Cheque', 300000.00, 3),
('2025-01-22', 'Efectivo', 380000.00, 4),
('2025-01-25', 'Transferencia', 450000.00, 5),
('2025-01-30', 'Efectivo', 400000.00, 6),
('2025-02-03', 'Cheque', 370000.00, 7),
('2025-02-07', 'Transferencia', 410000.00, 8),
('2025-02-12', 'Efectivo', 390000.00, 9),
('2025-02-15', 'Transferencia', 460000.00, 10),
('2025-02-17', 'Efectivo', 340000.00, 11),
('2025-02-20', 'Cheque', 420000.00, 12),
('2025-02-23', 'Efectivo', 365000.00, 13),
('2025-02-25', 'Transferencia', 415000.00, 14),
('2025-03-01', 'Cheque', 390000.00, 15),
('2025-03-04', 'Efectivo', 430000.00, 16),
('2025-03-08', 'Transferencia', 450000.00, 17),
('2025-03-11', 'Cheque', 375000.00, 18),
('2025-03-15', 'Efectivo', 440000.00, 19),
('2025-03-18', 'Transferencia', 480000.00, 20),
('2025-03-20', 'Efectivo', 355000.00, 21),
('2025-03-22', 'Cheque', 400000.00, 22),
('2025-03-25', 'Transferencia', 470000.00, 23),
('2025-03-28', 'Efectivo', 385000.00, 24),
('2025-04-01', 'Cheque', 420000.00, 25),
('2025-04-04', 'Transferencia', 435000.00, 26),
('2025-04-07', 'Efectivo', 405000.00, 27),
('2025-04-10', 'Cheque', 395000.00, 28),
('2025-04-13', 'Transferencia', 410000.00, 29),
('2025-04-16', 'Efectivo', 430000.00, 30),
('2025-04-18', 'Cheque', 360000.00, 31),
('2025-04-20', 'Transferencia', 455000.00, 32),
('2025-04-22', 'Efectivo', 445000.00, 33),
('2025-04-24', 'Cheque', 390000.00, 34),
('2025-04-26', 'Transferencia', 465000.00, 35),
('2025-04-28', 'Efectivo', 400000.00, 36),
('2025-04-30', 'Cheque', 410000.00, 37),
('2025-05-02', 'Transferencia', 450000.00, 38),
('2025-05-04', 'Efectivo', 370000.00, 39),
('2025-05-06', 'Cheque', 415000.00, 40),
('2025-05-08', 'Transferencia', 425000.00, 41),
('2025-05-10', 'Efectivo', 440000.00, 42),
('2025-05-12', 'Cheque', 430000.00, 43),
('2025-05-14', 'Transferencia', 460000.00, 44),
('2025-05-16', 'Efectivo', 395000.00, 45),
('2025-05-18', 'Cheque', 405000.00, 46),
('2025-05-20', 'Transferencia', 455000.00, 47),
('2025-05-22', 'Efectivo', 385000.00, 48),
('2025-05-24', 'Cheque', 420000.00, 49),
('2025-05-26', 'Transferencia', 470000.00, 50);

-- Tabla productos
INSERT INTO producto (nombre, stock, precio_venta) VALUES
('Abono orgánico', 120, 35000.00),
('Fertilizante nitrogenado', 80, 45000.00),
('Insecticida natural', 50, 38000.00),
('Semillas de maíz', 200, 15000.00),
('Semillas de papa', 180, 22000.00),
('Herbicida selectivo', 60, 42000.00),
('Trampa para insectos', 90, 18000.00),
('Bomba de riego', 30, 75000.00),
('Pala metálica', 40, 27000.00),
('Carretilla reforzada', 25, 110000.00),
('Guantes de trabajo', 150, 8500.00),
('Botas de caucho', 70, 40000.00),
('Arnés de seguridad', 20, 95000.00),
('Manguera de riego 15m', 60, 28000.00),
('Caja de herramientas', 15, 120000.00),
('Cinta métrica', 40, 12000.00),
('Rastrillo de acero', 35, 24000.00),
('Regadera manual', 50, 19000.00),
('Desinfectante agrícola', 70, 37000.00),
('Estimulador de crecimiento', 45, 46000.00),
('Varillas de tutorado', 200, 3000.00),
('Alambre para cercas', 90, 17000.00),
('Tanque de agua 1000L', 10, 350000.00),
('Lubricante para maquinaria', 30, 27000.00),
('Caja de semillas variadas', 55, 50000.00),
('Bidón para combustible', 20, 30000.00),
('Termómetro de suelo', 25, 22000.00),
('Sensor de humedad', 18, 88000.00),
('Estaca de madera', 100, 3500.00),
('Cosechadora manual', 15, 65000.00),
('Malla antiplagas', 40, 43000.00),
('Pulverizador de mochila', 25, 98000.00),
('Lentes de seguridad', 70, 11000.00),
('Protector solar agrícola', 60, 23000.00),
('Jabón potásico', 80, 32000.00),
('Maceta grande', 90, 15000.00),
('Maceta mediana', 100, 11000.00),
('Maceta pequeña', 120, 7000.00),
('Tutores de bambú', 160, 2800.00),
('Malla de sombra', 30, 56000.00),
('Fungicida natural', 45, 41000.00),
('Substrato para germinación', 85, 27000.00),
('Tanque portátil de agua', 12, 140000.00),
('Llave de riego', 60, 17000.00),
('Conector de manguera', 75, 8000.00),
('Motor de riego', 10, 250000.00),
('Reflector solar', 20, 68000.00),
('Afilador de cuchillas', 30, 22000.00),
('Estación meteorológica', 8, 190000.00),
('Aceite de neem', 65, 39000.00),
('Marcador de surcos', 12, 60000.00);

-- Tabla entradas
INSERT INTO entrada (cantidad, precio_compra, precio_venta, id_producto, id_proveedor, id_empleado) VALUES
(10, 1500.00, 2000.00, 1, 1, 1),
(15, 1400.00, 2100.00, 2, 2, 2),
(8,  1300.00, 1800.00, 3, 3, 3),
(20, 1600.00, 2200.00, 4, 4, 4),
(12, 1550.00, 1950.00, 5, 5, 5),
(18, 1450.00, 2050.00, 6, 6, 6),
(10, 1350.00, 2150.00, 7, 7, 7),
(25, 1200.00, 1900.00, 8, 8, 8),
(30, 1700.00, 2300.00, 9, 9, 9),
(5,  1650.00, 2400.00, 10, 10, 10),
(14, 1500.00, 2200.00, 11, 11, 11),
(16, 1600.00, 2250.00, 12, 12, 12),
(22, 1450.00, 2350.00, 13, 13, 13),
(19, 1550.00, 2450.00, 14, 14, 14),
(17, 1500.00, 2150.00, 15, 15, 15),
(21, 1400.00, 2000.00, 16, 16, 16),
(23, 1350.00, 2100.00, 17, 17, 17),
(9,  1300.00, 2200.00, 18, 18, 18),
(13, 1250.00, 2300.00, 19, 19, 19),
(11, 1200.00, 2400.00, 20, 20, 20),
(6,  1500.00, 2500.00, 21, 21, 21),
(7,  1400.00, 2600.00, 22, 22, 22),
(8,  1300.00, 2700.00, 23, 23, 23),
(9,  1600.00, 2800.00, 24, 24, 24),
(10, 1700.00, 2900.00, 25, 25, 25),
(15, 1800.00, 3000.00, 26, 26, 26),
(12, 1900.00, 3100.00, 27, 27, 27),
(18, 2000.00, 3200.00, 28, 28, 28),
(14, 2100.00, 3300.00, 29, 29, 29),
(16, 2200.00, 3400.00, 30, 30, 30),
(22, 2300.00, 3500.00, 31, 31, 31),
(13, 2400.00, 3600.00, 32, 32, 32),
(9,  2500.00, 3700.00, 33, 33, 33),
(11, 2600.00, 3800.00, 34, 34, 34),
(7,  2700.00, 3900.00, 35, 35, 35),
(8,  2800.00, 4000.00, 36, 36, 36),
(10, 2900.00, 4100.00, 37, 37, 37),
(12, 3000.00, 4200.00, 38, 38, 38),
(14, 3100.00, 4300.00, 39, 39, 39),
(16, 3200.00, 4400.00, 40, 40, 40),
(18, 3300.00, 4500.00, 41, 41, 41),
(20, 3400.00, 4600.00, 42, 42, 42),
(5,  3500.00, 4700.00, 43, 43, 43),
(6,  3600.00, 4800.00, 44, 44, 44),
(7,  3700.00, 4900.00, 45, 45, 45),
(8,  3800.00, 5000.00, 46, 46, 46),
(9,  3900.00, 5100.00, 47, 47, 47),
(10, 4000.00, 5200.00, 48, 48, 48),
(15, 4100.00, 5300.00, 49, 49, 49),
(12, 4200.00, 5400.00, 50, 50, 50);

-- Tabla ventas
INSERT INTO venta (total_venta, fecha_venta, id_empleado, id_cliente) VALUES
(150000.00, '2025-08-01', 1, 3),
(234500.50, '2025-08-02', 2, 5),
(74500.00,  '2025-08-03', 3, 1),
(98500.75,  '2025-08-04', 4, 7),
(150000.00, '2025-08-05', 5, 2),
(50000.00,  '2025-08-06', 1, 8),
(199000.99, '2025-08-07', 2, 10),
(100000.00, '2025-08-01', 3, 4),
(125000.25, '2025-08-01', 4, 6),
(175000.80, '2025-08-02', 5, 9),
(65000.00,  '2025-08-02', 1, 1),
(330000.00, '2025-08-03', 2, 2),
(275000.10, '2025-08-04', 3, 3),
(89500.25,  '2025-08-05', 4, 4),
(178000.99, '2025-08-06', 5, 5),
(208000.00, '2025-08-07', 1, 6),
(120000.75, '2025-08-01', 2, 7),
(190000.00, '2025-08-02', 3, 8),
(220000.00, '2025-08-03', 4, 9),
(305000.00, '2025-08-04', 5, 10),
(45000.00,  '2025-08-05', 1, 1),
(99000.00,  '2025-08-06', 2, 2),
(105000.00, '2025-08-07', 3, 3),
(130000.00, '2025-08-01', 4, 4),
(88000.00,  '2025-08-02', 5, 5),
(75000.50,  '2025-08-03', 1, 6),
(142500.00, '2025-08-04', 2, 7),
(157500.25, '2025-08-05', 3, 8),
(187000.00, '2025-08-06', 4, 9),
(210000.00, '2025-08-07', 5, 10),
(134000.00, '2025-08-01', 1, 1),
(120000.00, '2025-08-02', 2, 2),
(89000.00,  '2025-08-03', 3, 3),
(98000.00,  '2025-08-04', 4, 4),
(99000.00,  '2025-08-05', 5, 5),
(105000.00, '2025-08-06', 1, 6),
(112000.00, '2025-08-07', 2, 7),
(119000.00, '2025-08-01', 3, 8),
(130000.00, '2025-08-02', 4, 9),
(140000.00, '2025-08-03', 5, 10),
(152000.00, '2025-08-04', 1, 2),
(172500.00, '2025-08-05', 2, 3),
(181000.00, '2025-08-06', 3, 4),
(193000.00, '2025-08-07', 4, 5),
(200000.00, '2025-08-01', 5, 6),
(215000.00, '2025-08-02', 1, 7),
(225000.00, '2025-08-03', 2, 8),
(240000.00, '2025-08-04', 3, 9),
(250000.00, '2025-08-05', 4, 10),
(265000.00, '2025-08-06', 5, 1);

-- Tabla detalle_ventas
INSERT INTO detalle_venta (cantidad_venta, id_venta, id_producto) VALUES
(10, 38, 24),
(4, 34, 6),
(10, 15, 38),
(6, 25, 49),
(5, 15, 8),
(7, 3, 24),
(10, 38, 9),
(2, 6, 34),
(2, 46, 41),
(2, 25, 35),
(5, 43, 24),
(7, 21, 38),
(5, 46, 13),
(6, 48, 20),
(3, 29, 27),
(7, 8, 6),
(2, 12, 50),
(6, 3, 44),
(1, 21, 40),
(10, 27, 21),
(2, 30, 50),
(7, 26, 26),
(9, 1, 43),
(1, 20, 47),
(7, 12, 15),
(10, 18, 28),
(3, 6, 11),
(10, 47, 34),
(7, 26, 19),
(6, 28, 19),
(7, 14, 8),
(7, 30, 15),
(9, 45, 45),
(9, 6, 13),
(10, 12, 4),
(5, 14, 39),
(10, 33, 19),
(7, 10, 45),
(2, 3, 1),
(2, 8, 7),
(3, 44, 2),
(2, 13, 11),
(4, 27, 23),
(2, 37, 5),
(6, 34, 38),
(6, 30, 43),
(5, 23, 12),
(4, 43, 11),
(7, 5, 36),
(5, 19, 41);

-- Tabla tipo_pago
INSERT INTO tipo_pago (nombre_pago) VALUES
('Efectivo'),
('Tarjeta de crédito'),
('Tarjeta débito'),
('Transferencia bancaria'),
('Nequi'),
('Daviplata'),
('Cheque'),
('PayPal'),
('Pago móvil'),
('PSE'),
('QR Bancolombia'),
('QR Davivienda'),
('Crédito a 30 días'),
('Crédito a 15 días'),
('Pago contraentrega'),
('Pago anticipado'),
('Bitcoin'),
('Ethereum'),
('Criptomoneda otra'),
('Letra de cambio'),
('Giro postal'),
('Western Union'),
('Pago en línea'),
('Google Pay'),
('Apple Pay'),
('Samsung Pay'),
('Pagos parciales'),
('Saldo a favor'),
('Puntos de fidelidad'),
('Bonos regalo'),
('Cupones'),
('Redeban'),
('Visa'),
('Mastercard'),
('American Express'),
('Diners Club'),
('Crédito cooperativa'),
('Pago desde app'),
('Débito automático'),
('Pagos recurrentes'),
('Botón Bancolombia'),
('Botón Davivienda'),
('Pago internacional'),
('Consignación bancaria'),
('Pago por consignación'),
('Plin'),
('Yape'),
('Nubank'),
('Mercado Pago'),
('Pago presencial');

-- Tabla detalles_ventas_pagos
INSERT INTO detalle_venta_pago (fecha_pago, id_venta, id_tipo_pago, monto) VALUES
('2025-07-01', 1, 1, 150000.00),
('2025-07-02', 2, 2, 200000.00),
('2025-07-03', 3, 3, 180000.00),
('2025-07-04', 4, 4, 120000.00),
('2025-07-05', 5, 5, 95000.00),
('2025-07-06', 6, 6, 110000.00),
('2025-07-07', 7, 7, 135000.00),
('2025-07-08', 8, 8, 175000.00),
('2025-07-09', 9, 9, 160000.00),
('2025-07-10', 10, 10, 145000.00),
('2025-07-11', 11, 11, 170000.00),
('2025-07-12', 12, 12, 195000.00),
('2025-07-13', 13, 13, 205000.00),
('2025-07-14', 14, 14, 99000.00),
('2025-07-15', 15, 15, 88000.00),
('2025-07-16', 16, 16, 150000.00),
('2025-07-17', 17, 17, 167000.00),
('2025-07-18', 18, 18, 125000.00),
('2025-07-19', 19, 19, 111000.00),
('2025-07-20', 20, 20, 199000.00),
('2025-07-21', 1, 2, 145500.00),
('2025-07-22', 2, 3, 162000.00),
('2025-07-23', 3, 4, 134500.00),
('2025-07-24', 4, 5, 155000.00),
('2025-07-25', 5, 6, 198000.00),
('2025-07-26', 6, 7, 175500.00),
('2025-07-27', 7, 8, 165000.00),
('2025-07-28', 8, 9, 121000.00),
('2025-07-29', 9, 10, 133000.00),
('2025-07-30', 10, 11, 142000.00),
('2025-07-31', 11, 12, 130000.00),
('2025-08-01', 12, 13, 137500.00),
('2025-08-02', 13, 14, 109000.00),
('2025-08-03', 14, 15, 99000.00),
('2025-08-04', 15, 16, 157000.00),
('2025-08-05', 16, 17, 149000.00),
('2025-08-06', 17, 18, 198500.00),
('2025-08-07', 18, 19, 165000.00),
('2025-08-08', 19, 20, 172000.00),
('2025-08-09', 20, 1, 112000.00),
('2025-08-10', 1, 3, 123500.00),
('2025-08-11', 2, 4, 145000.00),
('2025-08-12', 3, 5, 175000.00),
('2025-08-13', 4, 6, 180000.00),
('2025-08-14', 5, 7, 195500.00),
('2025-08-15', 6, 8, 164000.00),
('2025-08-16', 7, 9, 110000.00),
('2025-08-17', 8, 10, 149000.00),
('2025-08-18', 9, 11, 153000.00),
('2025-08-19', 10, 12, 120000.00);


USE finca;

-- 1. Catálogo de cultivos
INSERT INTO cultivo (nombre_cultivo, unidad_medida, precio_referencia) VALUES
('Maíz híbrido', 'kg', 1200.00),
('Maíz blanco', 'kg', 1100.00),
('Trigo harinero', 'kg', 1500.00),
('Trigo duro', 'kg', 1550.00),
('Papa pastusa', 'kg', 1800.00),
('Papa criolla', 'kg', 2000.00),
('Arroz', 'kg', 1300.00),
('Sorgo', 'kg', 1400.00),
('Cebada', 'kg', 1450.00),
('Caña de azúcar', 'kg', 900.00),
('Café arábica', 'kg', 9000.00),
('Café robusta', 'kg', 8800.00),
('Plátano hartón', 'kg', 950.00),
('Banano', 'kg', 800.00),
('Tomate chonto', 'kg', 2500.00),
('Tomate cherry', 'kg', 3000.00),
('Lechuga romana', 'kg', 2200.00),
('Zanahoria', 'kg', 2100.00),
('Cebolla larga', 'kg', 1800.00),
('Cebolla cabezona', 'kg', 1900.00),
('Yuca', 'kg', 850.00),
('Frijol bola roja', 'kg', 2600.00),
('Frijol cargamanto', 'kg', 2800.00),
('Habichuela', 'kg', 2400.00),
('Pepino cohombro', 'kg', 1700.00),
('Pimentón rojo', 'kg', 3500.00),
('Pimentón verde', 'kg', 3000.00),
('Aguacate hass', 'kg', 5000.00),
('Aguacate lorena', 'kg', 4200.00),
('Fresa', 'kg', 5500.00),
('Mora de castilla', 'kg', 4000.00),
('Uva isabelina', 'kg', 3800.00),
('Uva thompson', 'kg', 4200.00),
('Guayaba pera', 'kg', 2500.00),
('Maracuyá', 'kg', 2700.00),
('Lulo', 'kg', 3500.00),
('Mango tommy', 'kg', 3200.00),
('Mango azúcar', 'kg', 3000.00),
('Papaya hawaiana', 'kg', 2100.00),
('Papaya tainung', 'kg', 2000.00),
('Limón tahití', 'kg', 1800.00),
('Limón común', 'kg', 1500.00),
('Naranja valencia', 'kg', 1700.00),
('Mandarina arrayana', 'kg', 1600.00),
('Sandía', 'kg', 900.00),
('Melón', 'kg', 1200.00),
('Piña golden', 'kg', 2500.00),
('Piña champa', 'kg', 2200.00),
('Albahaca', 'kg', 8000.00),
('Cilantro', 'kg', 4000.00);

-- 2. Lotes o parcelas
INSERT INTO lote (nombre_lote, hectareas, ubicacion) VALUES
('Lote El Encanto', 5.50, 'Sector norte'),
('Lote La Pradera', 4.20, 'Sector sur'),
('Lote El Progreso', 3.80, 'Sector oriente'),
('Lote San Isidro', 6.00, 'Sector occidente'),
('Lote Buenavista', 2.50, 'Zona alta'),
('Lote Santa Marta', 4.75, 'Zona media'),
('Lote El Roble', 3.30, 'Sector oriente'),
('Lote Los Pinos', 5.10, 'Sector norte'),
('Lote El Jardín', 2.80, 'Zona baja'),
('Lote Las Brisas', 3.60, 'Sector occidental'),
('Lote Campo Verde', 4.10, 'Zona de riego'),
('Lote La Ceiba', 2.90, 'Sector sur'),
('Lote El Palmar', 5.70, 'Zona de riego'),
('Lote La Esperanza', 3.25, 'Sector norte'),
('Lote Río Claro', 6.20, 'Margen del río'),
('Lote Altamira', 4.50, 'Sector ladera'),
('Lote La Hacienda', 7.00, 'Zona centro'),
('Lote San Miguel', 3.90, 'Sector oeste'),
('Lote Bella Vista', 4.35, 'Zona alta'),
('Lote El Porvenir', 5.80, 'Sector oriental'),
('Lote Gran Roble', 3.40, 'Oriente'),
('Lote Las Palmas', 6.50, 'Zona sur'),
('Lote El Sauzal', 4.00, 'Zona centro'),
('Lote San Pedro', 2.70, 'Sector norte'),
('Lote El Nogal', 3.55, 'Zona media'),
('Lote Campo Alegre', 5.20, 'Sector sur'),
('Lote La Floresta', 4.60, 'Zona alta'),
('Lote La Cumbre', 6.10, 'Sector oriente'),
('Lote El Mirador', 3.75, 'Zona media'),
('Lote La Laguna', 2.85, 'Sector sur'),
('Lote Agua Clara', 4.25, 'Zona de riego'),
('Lote Monte Verde', 5.90, 'Sector occidente'),
('Lote Santa Rosa', 3.65, 'Zona agrícola'),
('Lote La Fortuna', 6.80, 'Zona fértil'),
('Lote San José', 4.15, 'Sector oriente'),
('Lote El Manantial', 5.05, 'Zona rural'),
('Lote Las Acacias', 3.95, 'Zona alta'),
('Lote Los Laureles', 2.60, 'Sector sur'),
('Lote Los Álamos', 4.85, 'Zona de cultivo'),
('Lote La Viña', 3.50, 'Zona frutal'),
('Lote San Antonio', 6.30, 'Zona fértil'),
('Lote Santa Clara', 2.40, 'Zona alta'),
('Lote El Paraíso', 5.15, 'Sector norte'),
('Lote El Refugio', 3.85, 'Zona media'),
('Lote Los Rosales', 4.55, 'Zona de riego'),
('Lote Las Margaritas', 5.40, 'Zona frutal'),
('Lote San Rafael', 2.95, 'Zona agrícola'),
('Lote Las Violetas', 3.45, 'Sector sur'),
('Lote Campo Bello', 4.65, 'Zona rural'),
('Lote El Arrayán', 5.25, 'Zona frutal');

-- 3. Registro de siembras (relaciona lote, cultivo, responsable)
INSERT INTO siembra (id_lote, id_cultivo, fecha_siembra, cantidad_sembrada, id_responsable) VALUES
(1, 1, '2025-02-15', 1200.50, 1),
(2, 5, '2025-02-16', 980.00, 2),
(3, 10, '2025-02-10', 1500.00, 3),
(4, 15, '2025-02-18', 750.00, 4),
(5, 20, '2025-02-11', 820.00, 5),
(6, 25, '2025-02-12', 900.00, 6),
(7, 30, '2025-02-14', 420.00, 7),
(8, 35, '2025-02-20', 680.00, 8),
(9, 40, '2025-02-21', 1490.00, 9),
(10, 45, '2025-02-25', 2200.00, 10),
(11, 50, '2025-02-17', 500.00, 11),
(12, 2, '2025-02-19', 1350.00, 12),
(13, 6, '2025-02-22', 960.00, 13),
(14, 12, '2025-02-23', 440.00, 14),
(15, 18, '2025-02-24', 890.00, 15),
(16, 22, '2025-02-26', 770.00, 16),
(17, 27, '2025-02-28', 980.00, 17),
(18, 31, '2025-03-01', 1010.00, 18),
(19, 37, '2025-03-02', 660.00, 19),
(20, 42, '2025-03-05', 450.00, 20);

-- 4. Cosechas (asociadas a siembras 1 a 20)
INSERT INTO cosecha (id_siembra, fecha_cosecha, cantidad_cosechada, unidad_medida, calidad) VALUES
(1,  '2025-05-15', 1100.00, 'kg', 'Alta'),
(2,  '2025-05-18',  890.00, 'kg', 'Media'),
(3,  '2025-05-20', 1480.00, 'kg', 'Alta'),
(4,  '2025-05-22',  720.00, 'kg', 'Media'),
(5,  '2025-05-25',  800.00, 'kg', 'Alta'),
(6,  '2025-05-27',  880.00, 'kg', 'Alta'),
(7,  '2025-05-28',  400.00, 'kg', 'Baja'),
(8,  '2025-06-01',  670.00, 'kg', 'Media'),
(9,  '2025-06-03', 1450.00, 'kg', 'Alta'),
(10, '2025-06-05', 2150.00, 'kg', 'Alta'),
(11, '2025-06-06',  480.00, 'kg', 'Media'),
(12, '2025-06-08', 1320.00, 'kg', 'Alta'),
(13, '2025-06-10',  940.00, 'kg', 'Alta'),
(14, '2025-06-12',  420.00, 'kg', 'Media'),
(15, '2025-06-14',  860.00, 'kg', 'Alta'),
(16, '2025-06-16',  750.00, 'kg', 'Media'),
(17, '2025-06-18',  960.00, 'kg', 'Alta'),
(18, '2025-06-20', 1000.00, 'kg', 'Alta'),
(19, '2025-06-22',  640.00, 'kg', 'Media'),
(20, '2025-06-24',  430.00, 'kg', 'Baja');


-- 5. Insumos agrícolas (20 registros)
INSERT INTO insumo (nombre, tipo, stock, precio_unitario) VALUES
('Fertilizante orgánico sólido', 'Fertilizante', 100, 3000.00),
('Abono foliar', 'Fertilizante', 80, 2500.00),
('Pesticida natural', 'Pesticida', 60, 4500.00),
('Fertilizante NPK 15-15-15', 'Fertilizante', 120, 3200.00),
('Insecticida biológico', 'Pesticida', 50, 5200.00),
('Fertilizante de liberación lenta', 'Fertilizante', 90, 4800.00),
('Herbicida selectivo', 'Herbicida', 70, 4100.00),
('Fungicida orgánico', 'Pesticida', 65, 3900.00),
('Sulfurado agrícola', 'Fertilizante', 85, 2750.00),
('Cal agrícola', 'Fertilizante', 110, 2100.00),
('Abono compostado', 'Fertilizante', 95, 2600.00),
('Trampa cromática amarilla', 'Control de plagas', 150, 1800.00),
('Molusquicida orgánico', 'Pesticida', 55, 3400.00),
('Semilla certificada de maíz', 'Semilla', 200, 1500.00),
('Semilla de frijol cargamanto', 'Semilla', 180, 2800.00),
('Concentrado bovino 18%', 'Alimento animal', 130, 2500.00),
('Sales minerales bovinas', 'Alimento animal', 115, 1900.00),
('Ensilaje de maíz', 'Alimento animal', 140, 1200.00),
('Kit de herramientas agrícolas', 'Herramienta', 25, 85000.00),
('Guantes de poda', 'Herramienta', 85, 9500.00);


-- 6. Uso de insumos (20 registros de ejemplo)
INSERT INTO uso_insumo (id_insumo, id_siembra, cantidad_usada, fecha_uso, id_empleado) VALUES
(1,  1,  5.00, '2025-02-20',  1),
(2,  2,  3.50, '2025-02-21',  2),
(3,  3,  2.00, '2025-02-22',  3),
(4,  4,  1.50, '2025-02-23',  4),
(5,  5,  2.80, '2025-02-24',  5),
(6,  6,  4.20, '2025-02-25',  6),
(7,  7,  1.90, '2025-02-26',  7),
(8,  8,  3.40, '2025-02-27',  8),
(9,  9,  2.60, '2025-02-28',  9),
(10, 10, 4.00, '2025-03-01', 10),
(11, 11, 1.20, '2025-03-02', 11),
(12, 12, 2.80, '2025-03-03', 12),
(13, 13, 3.00, '2025-03-04', 13),
(14, 14, 1.50, '2025-03-05', 14),
(15, 15, 2.10, '2025-03-06', 15),
(16, 16, 3.75, '2025-03-07', 16),
(17, 17, 2.60, '2025-03-08', 17),
(18, 18, 4.10, '2025-03-09', 18),
(19, 19, 1.80, '2025-03-10', 19),
(20, 20, 2.40, '2025-03-11', 20);

